{
  "project_info": {
    "project_number": "470345719592",
    "project_id": "traffixweb",
    "storage_bucket": "traffixweb.appspot.com"
  },
  "client": [
    {
      "client_info": {
        "mobilesdk_app_id": "1:470345719592:android:2c3ad0267aed347f27ba1d",
        "android_client_info": {
          "package_name": "com.example.sihapp"
        }
      },
      "oauth_client": [
        {
          "client_id": "470345719592-bh8orbrh433tkmsglrleg952c2urqevj.apps.googleusercontent.com",
          "client_type": 1,
          "android_info": {
            "package_name": "com.example.sihapp",
            "certificate_hash": "604db8f09925012e35831657f52312e72e901a3c"
          }
        },
        {
          "client_id": "470345719592-e9gh77reibpnadb8g4tu7sf9es0om09e.apps.googleusercontent.com",
          "client_type": 3
        }
      ],
      "api_key": [
        {
          "current_key": "AIzaSyAMB_PMFHe5fne6_EGzWz3zJwl9G1Pk2GM"
        }
      ],
      "services": {
        "appinvite_service": {
          "other_platform_oauth_client": [
            {
              "client_id": "470345719592-e9gh77reibpnadb8g4tu7sf9es0om09e.apps.googleusercontent.com",
              "client_type": 3
            }
          ]
        }
      }
    },
    {
      "client_info": {
        "mobilesdk_app_id": "1:470345719592:android:1664877117c5075a27ba1d",
        "android_client_info": {
          "package_name": "com.example.traffix_app"
        }
      },
      "oauth_client": [
        {
          "client_id": "470345719592-e9gh77reibpnadb8g4tu7sf9es0om09e.apps.googleusercontent.com",
          "client_type": 3
        }
      ],
      "api_key": [
        {
          "current_key": "AIzaSyAMB_PMFHe5fne6_EGzWz3zJwl9G1Pk2GM"
        }
      ],
      "services": {
        "appinvite_service": {
          "other_platform_oauth_client": [
            {
              "client_id": "470345719592-e9gh77reibpnadb8g4tu7sf9es0om09e.apps.googleusercontent.com",
              "client_type": 3
            }
          ]
        }
      }
    }
  ],
  "configuration_version": "1"
}